Position,Residue,PDB chain,Absolute ASA,Relative ASA,Sidechain ASA,Sidechain rel. ASA,Backbone ASA,Backbone rel. ASA,Dimer burial,Dimer relative burial,Secondary Structure,Domain,Folate,FAD,SAM/SAH,PTM
1,MET,,,,,,,,,,Disorder,Ser-Rich,,,,
2,VAL,,,,,,,,,,Disorder,Ser-Rich,,,,
3,ASN,,,,,,,,,,Disorder,Ser-Rich,,,,
4,GLU,,,,,,,,,,Disorder,Ser-Rich,,,,
5,ALA,,,,,,,,,,Disorder,Ser-Rich,,,,
6,ARG,,,,,,,,,,Disorder,Ser-Rich,,,,
7,GLY,,,,,,,,,,Disorder,Ser-Rich,,,,
8,ASN,,,,,,,,,,Disorder,Ser-Rich,,,,
9,SER,,,,,,,,,,Disorder,Ser-Rich,,,,(phospho)
10,SER,,,,,,,,,,Disorder,Ser-Rich,,,,(phospho)
11,LEU,,,,,,,,,,Disorder,Ser-Rich,,,,
12,ASN,,,,,,,,,,Disorder,Ser-Rich,,,,
13,PRO,,,,,,,,,,Disorder,Ser-Rich,,,,
14,CYS,,,,,,,,,,Disorder,Ser-Rich,,,,
15,LEU,,,,,,,,,,Disorder,Ser-Rich,,,,
16,GLU,,,,,,,,,,Disorder,Ser-Rich,,,,
17,GLY,,,,,,,,,,Disorder,Ser-Rich,,,,
18,SER,,,,,,,,,,Disorder,Ser-Rich,,,,(phospho)
19,ALA,,,,,,,,,,Disorder,Ser-Rich,,,,
20,SER,,,,,,,,,,Disorder,Ser-Rich,,,,(phospho)
21,SER,,,,,,,,,,Disorder,Ser-Rich,,,,(phospho)
22,GLY,,,,,,,,,,Disorder,Ser-Rich,,,,
23,SER,,,,,,,,,,Disorder,Ser-Rich,,,,(phospho)
24,GLU,,,,,,,,,,Disorder,Ser-Rich,,,,
25,SER,,,,,,,,,,Disorder,Ser-Rich,,,,(phospho)
26,SER,,,,,,,,,,Disorder,Ser-Rich,,,,(phospho)
27,LYS,,,,,,,,,,Disorder,Ser-Rich,,,,
28,ASP,,,,,,,,,,Disorder,Ser-Rich,,,,
29,SER,,,,,,,,,,Disorder,Ser-Rich,,,,(phospho)
30,SER,,,,,,,,,,Disorder,Ser-Rich,,,,(phospho)
31,ARG,,,,,,,,,,Disorder,Ser-Rich,,,,
32,CYS,,,,,,,,,,Disorder,Ser-Rich,,,,
33,SER,,,,,,,,,,Disorder,Ser-Rich,,,,
34,THR,,,,,,,,,,Disorder,Ser-Rich,,,,phospho
35,PRO,,,,,,,,,,Disorder,Ser-Rich,,,,
36,GLY,,,,,,,,,,Disorder,,,,,
37,LEU,,,,,,,,,,Disorder,,,,,
38,ASP,,,,,,,,,,Disorder,,,,,
39,PRO,A,159.84,116.50,86.43,309.00,73.40,266.80,0.00,0.00,,,,,,
40,GLU,A,143.15,82.20,53.60,186.00,89.55,213.20,9.42,0.07,,,,,,
41,ARG,A,52.77,22.20,40.57,94.00,12.21,29.10,0.00,0.00,,,,,,
42,HIS,A,114.19,62.40,76.15,226.00,38.05,97.30,0.00,0.00,,,,,,
43,GLU,A,38.47,22.10,28.06,96.00,10.41,24.80,0.00,0.00,,,,,,
44,ARG,A,60.11,25.20,58.13,128.00,1.98,4.70,0.00,0.00,,,,,,
45,LEU,A,0.55,0.30,0.55,5.00,0.00,0.00,0.00,0.00,Alpha helix,,,,,
46,ARG,A,73.61,30.90,66.21,158.00,7.40,17.60,0.00,0.00,Alpha helix,,,,,
47,GLU,A,84.25,48.40,76.24,243.00,8.00,19.10,0.00,0.00,Alpha helix,,,,,
48,LYS,A,24.31,11.90,24.31,55.00,0.00,0.00,0.00,0.00,Alpha helix,Catalytic,,,,
49,MET,A,3.80,2.00,3.46,84.00,0.33,0.80,0.00,0.00,Alpha helix,Catalytic,,,,
50,ARG,A,72.50,30.40,69.57,161.00,2.93,7.00,0.00,0.00,Alpha helix,Catalytic,,,,
51,ARG,A,120.60,50.60,109.76,237.00,10.83,25.80,2.61,0.02,Alpha helix,Catalytic,,,,
52,ARG,A,55.26,23.20,54.22,119.00,1.03,2.50,0.00,0.00,Alpha helix,Catalytic,,,,
53,LEU,A,105.13,58.50,90.48,264.00,14.65,36.80,0.00,0.00,Alpha helix,Catalytic,,,,
54,GLU,A,91.66,52.60,51.97,174.00,39.69,94.50,0.00,0.00,Alpha helix,Catalytic,,,,
55,SER,A,68.03,57.50,30.70,187.00,37.33,86.00,0.00,0.00,Alpha helix,Catalytic,,,,
56,GLY,A,50.76,62.60,0.00,358.00,50.76,62.60,0.00,0.00,Turn,Catalytic,,,,
57,ASP,A,80.36,56.30,74.51,298.00,5.85,13.80,0.00,0.00,,Catalytic,,,,
58,LYS,A,76.92,37.50,54.07,153.00,22.85,54.40,0.00,0.00,,Catalytic,,,,
59,TRP,A,4.12,1.70,0.10,1.00,4.02,9.40,0.00,0.00,Beta strand,Catalytic,,,,
60,PHE,A,1.20,0.60,1.20,8.00,0.00,0.00,0.00,0.00,Beta strand,Catalytic,,,,
61,SER,A,0.00,0.00,0.00,1.00,0.00,0.00,0.00,0.00,Beta strand,Catalytic,,,,
62,LEU,A,1.10,0.60,1.10,9.00,0.00,0.00,0.00,0.00,Beta strand,Catalytic,,,,
63,GLU,A,25.39,14.60,24.33,74.00,1.06,2.50,0.00,0.00,Beta strand,Catalytic,resi,resi,,
64,PHE,A,3.51,1.80,1.21,8.00,2.30,6.00,0.00,0.00,Beta strand,Catalytic,,,,
65,PHE,A,81.33,40.70,81.25,216.00,0.08,0.20,0.00,0.00,,Catalytic,resi,,,
66,PRO,A,29.26,21.30,21.81,81.00,7.45,27.10,0.00,0.00,,Catalytic,,,,
67,PRO,A,14.84,10.80,11.53,24.00,3.31,12.00,0.00,0.00,,Catalytic,,,,
68,ARG,A,227.99,95.70,198.93,30.00,29.06,69.20,0.00,0.00,Bend,Catalytic,resi,,,
69,THR,A,85.15,60.60,80.41,320.00,4.74,11.30,0.00,0.00,Bend,Catalytic,,,,
70,ALA,A,50.66,46.60,45.79,289.00,4.87,11.10,0.00,0.00,Alpha helix,Catalytic,,,,
71,GLU,A,132.38,76.00,124.97,353.00,7.41,17.70,0.00,0.00,Alpha helix,Catalytic,,,,
72,GLY,A,22.33,27.50,0.00,358.00,22.33,27.50,0.00,0.00,Alpha helix,Catalytic,,,,
73,ALA,A,2.73,2.50,2.64,176.00,0.08,0.20,0.00,0.00,Alpha helix,Catalytic,,,,
74,VAL,A,84.47,55.60,79.91,292.00,4.56,11.00,0.00,0.00,Alpha helix,Catalytic,,,,
75,ASN,A,71.32,49.20,70.54,275.00,0.78,1.90,0.00,0.00,Alpha helix,Catalytic,,,,
76,LEU,A,0.31,0.20,0.31,3.00,0.00,0.00,0.00,0.00,Alpha helix,Catalytic,,,,
77,ILE,A,36.14,20.60,36.14,115.00,0.00,0.00,0.00,0.00,Alpha helix,Catalytic,,,,
78,SER,A,48.95,41.40,43.66,244.00,5.29,12.20,0.00,0.00,Alpha helix,Catalytic,,,,
79,ARG,A,49.80,20.90,49.80,112.00,0.00,0.00,0.00,0.00,Alpha helix,Catalytic,,,,
80,PHE,A,2.14,1.10,0.14,2.00,2.00,5.20,0.00,0.00,Alpha helix,Catalytic,,,,
81,ASP,A,81.66,57.20,66.41,267.00,15.24,36.00,0.00,0.00,Alpha helix,Catalytic,,,,
82,ARG,A,115.37,48.40,101.41,224.00,13.96,33.20,0.00,0.00,Alpha helix,Catalytic,,,,
83,MET,A,1.33,0.70,1.31,10.00,0.02,0.00,0.00,0.00,Alpha helix,Catalytic,,,,
84,ALA,A,32.15,29.60,20.08,143.00,12.07,27.50,0.00,0.00,Alpha helix,Catalytic,,,,
85,ALA,A,46.41,42.70,32.06,209.00,14.35,32.60,0.00,0.00,Turn,Catalytic,,,,
86,GLY,A,0.63,0.80,0.00,358.00,0.63,0.80,0.00,0.00,Turn,Catalytic,,,,
87,GLY,A,34.89,43.00,0.00,358.00,34.89,43.00,0.00,0.00,,Catalytic,,,,
88,PRO,A,18.90,13.80,2.91,87.00,15.98,58.10,0.00,0.00,,Catalytic,,,,
89,LEU,A,4.62,2.60,1.13,9.00,3.49,8.80,0.00,0.00,Bend,Catalytic,,,,
90,TYR,A,1.98,0.90,0.00,1.00,1.98,5.10,0.00,0.00,Beta strand,Catalytic,,,,
91,ILE,A,2.53,1.40,2.53,20.00,0.00,0.00,0.00,0.00,Beta strand,Catalytic,,,,
92,ASP,A,0.04,0.00,0.04,1.00,0.00,0.00,0.00,0.00,Beta strand,Catalytic,,,,
93,VAL,A,0.22,0.10,0.22,3.00,0.00,0.00,0.00,0.00,Beta strand,Catalytic,,,,
94,THR,A,36.92,26.30,36.92,167.00,0.00,0.00,0.00,0.00,,Catalytic,resi,resi,,
95,TRP,A,21.17,8.50,6.30,131.00,14.87,34.90,0.00,0.00,,Catalytic,,bb,,
96,HIS,A,114.67,62.70,111.17,306.00,3.50,9.00,0.00,0.00,,Catalytic,,resi,,
97,PRO,A,63.37,46.20,48.45,192.00,14.93,54.30,0.00,0.00,310 helix,Catalytic,,,,
98,ALA,A,90.68,83.40,51.11,310.00,39.57,90.00,0.00,0.00,310 helix,Catalytic,,,,
99,GLY,A,47.60,58.70,0.00,358.00,47.60,58.70,0.00,0.00,310 helix,Catalytic,,,,
100,ASP,A,100.42,70.30,94.80,352.00,5.62,13.30,0.00,0.00,,Catalytic,,,,
101,PRO,A,12.16,8.90,11.92,26.00,0.24,0.90,0.00,0.00,Turn,Catalytic,,,,
102,GLY,A,11.14,13.70,0.00,358.00,11.14,13.70,0.00,0.00,Turn,Catalytic,,,,
103,SER,A,35.53,30.00,26.08,159.00,9.45,21.80,0.00,0.00,Bend,Catalytic,,,,
104,ASP,A,103.35,72.40,82.81,324.00,20.54,48.60,0.00,0.00,Bend,Catalytic,,,,
105,LYS,A,78.48,38.30,69.51,190.00,8.97,21.40,0.00,0.00,Bend,Catalytic,,,,
106,GLU,A,98.73,56.70,87.26,266.00,11.46,27.30,0.00,0.00,Turn,Catalytic,,,,
107,THR,A,34.96,24.90,30.93,144.00,4.03,9.60,0.00,0.00,Turn,Catalytic,,,,
108,SER,A,0.43,0.40,0.00,1.00,0.43,1.00,0.00,0.00,Bend,Catalytic,,,,
109,SER,A,0.80,0.70,0.45,7.00,0.35,0.80,0.00,0.00,Alpha helix,Catalytic,,,,
110,MET,A,0.00,0.00,0.00,1.00,0.00,0.00,0.00,0.00,Alpha helix,Catalytic,,,,
111,MET,A,40.13,20.80,38.03,111.00,2.10,5.00,0.00,0.00,Alpha helix,Catalytic,,,,
112,ILE,A,4.07,2.30,3.92,89.00,0.15,0.40,0.00,0.00,Alpha helix,Catalytic,,,,
113,ALA,A,0.00,0.00,0.00,1.00,0.00,0.00,0.00,0.00,Alpha helix,Catalytic,,,,
114,SER,A,9.76,8.20,9.45,44.00,0.31,0.70,0.00,0.00,Alpha helix,Catalytic,,,,
115,THR,A,29.36,20.90,26.96,117.00,2.40,5.70,0.00,0.00,Alpha helix,Catalytic,,,,
116,ALA,A,0.00,0.00,0.00,1.00,0.00,0.00,0.00,0.00,Alpha helix,Catalytic,,,,
117,VAL,A,5.45,3.60,5.45,182.00,0.00,0.00,0.00,0.00,Alpha helix,Catalytic,,,,
118,ASN,A,22.36,15.40,20.69,90.00,1.67,4.00,0.00,0.00,Alpha helix,Catalytic,,,,
119,TYR,A,71.26,33.30,55.35,145.00,15.91,41.40,0.00,0.00,Turn,Catalytic,,,,
120,CYS,A,21.28,16.10,1.41,17.00,19.87,46.70,0.00,0.00,Bend,Catalytic,,,,
121,GLY,A,29.84,36.80,0.00,358.00,29.84,36.80,0.00,0.00,,Catalytic,,,,
122,LEU,A,21.50,12.00,20.01,53.00,1.49,3.80,0.00,0.00,,Catalytic,,,,
123,GLU,A,18.52,10.60,7.38,214.00,11.15,26.50,0.00,0.00,,Catalytic,,,,
124,THR,A,3.62,2.60,0.00,1.00,3.62,8.60,0.00,0.00,Beta strand,Catalytic,,,,
125,ILE,A,0.31,0.20,0.31,3.00,0.00,0.00,0.00,0.00,Beta strand,Catalytic,,,,
126,LEU,A,0.00,0.00,0.00,1.00,0.00,0.00,0.00,0.00,Beta strand,Catalytic,,,,
127,HIS,A,9.99,5.50,9.99,254.00,0.00,0.00,0.00,0.00,Beta strand,Catalytic,,resi,,
128,MET,A,0.04,0.00,0.04,1.00,0.00,0.00,0.00,0.00,Beta strand,Catalytic,,,,
129,THR,A,9.47,6.70,9.12,342.00,0.35,0.80,0.00,0.00,Beta strand,Catalytic,,resi,,
130,CYS,A,1.15,0.90,0.45,6.00,0.70,1.60,0.00,0.00,,Catalytic,,,,
131,CYS,A,27.23,20.60,21.51,102.00,5.73,13.50,0.00,0.00,Bend,Catalytic,,,,
132,ARG,A,98.31,41.30,54.11,119.00,44.20,105.20,0.00,0.00,Bend,Catalytic,,,,
133,GLN,A,34.30,19.20,12.67,343.00,21.63,51.50,0.00,0.00,,Catalytic,,,,
134,ARG,A,105.61,44.30,100.64,221.00,4.97,11.80,0.00,0.00,,Catalytic,,,,
135,LEU,A,117.56,65.50,116.17,326.00,1.39,3.50,0.00,0.00,Alpha helix,Catalytic,,,,
136,GLU,A,83.51,47.90,60.78,194.00,22.73,54.10,0.00,0.00,Alpha helix,Catalytic,,,,
137,GLU,A,79.50,45.60,70.30,227.00,9.20,21.90,0.00,0.00,Alpha helix,Catalytic,,,,
138,ILE,A,0.64,0.40,0.64,6.00,0.00,0.00,0.00,0.00,Alpha helix,Catalytic,,,,
139,THR,A,27.07,19.30,27.07,118.00,0.00,0.00,0.00,0.00,Alpha helix,Catalytic,,,,
140,GLY,A,37.89,46.70,0.00,358.00,37.89,46.70,0.00,0.00,Alpha helix,Catalytic,,,,
141,HIS,A,44.22,24.20,44.00,141.00,0.22,0.60,0.00,0.00,Alpha helix,Catalytic,,,,
142,LEU,A,0.00,0.00,0.00,1.00,0.00,0.00,0.00,0.00,Alpha helix,Catalytic,,,,
143,HIS,A,96.39,52.70,95.83,269.00,0.57,1.50,0.00,0.00,Alpha helix,Catalytic,,,,
144,LYS,A,57.72,28.20,52.21,147.00,5.51,13.10,0.00,0.00,Alpha helix,Catalytic,,,,
145,ALA,A,0.00,0.00,0.00,1.00,0.00,0.00,0.00,0.00,Alpha helix,Catalytic,,,,
146,LYS,A,75.94,37.00,70.72,191.00,5.22,12.40,0.00,0.00,Alpha helix,Catalytic,,,,
147,GLN,A,142.88,79.90,124.07,348.00,18.81,44.80,0.00,0.00,Alpha helix,Catalytic,,,,
148,LEU,A,50.89,28.30,46.96,156.00,3.92,9.90,0.00,0.00,Turn,Catalytic,,,,
149,GLY,A,1.68,2.10,0.00,358.00,1.68,2.10,0.00,0.00,Turn,Catalytic,,,,
150,LEU,A,0.48,0.30,0.09,2.00,0.40,1.00,0.00,0.00,,Catalytic,,,,
151,LYS,A,34.42,16.80,32.75,91.00,1.68,4.00,0.00,0.00,,Catalytic,,,,
152,ASN,A,2.95,2.00,2.95,88.00,0.00,0.00,0.00,0.00,Beta strand,Catalytic,,,,
153,ILE,A,0.28,0.20,0.00,1.00,0.28,0.70,0.00,0.00,Beta strand,Catalytic,,,,
154,MET,A,9.20,4.80,9.20,250.00,0.00,0.00,0.00,0.00,Beta strand,Catalytic,,resi,,
155,ALA,A,0.52,0.50,0.00,1.00,0.52,1.20,0.00,0.00,Beta strand,Catalytic,,bb,,
156,LEU,A,35.54,19.80,34.56,107.00,0.98,2.50,0.00,0.00,Beta strand,Catalytic,,resi,,
157,ARG,A,62.49,26.20,57.81,127.00,4.68,11.10,0.00,0.00,,Catalytic,,resi,,
158,GLY,A,23.90,29.50,0.00,358.00,23.90,29.50,0.00,0.00,,Catalytic,,resi,,
159,ASP,A,112.32,78.70,84.65,329.00,27.68,65.40,0.00,0.00,,Catalytic,resi,resi,,
160,PRO,A,159.84,116.50,86.43,309.00,73.40,266.80,0.00,0.00,,Catalytic,,,,
161,ILE,,,,,,,,,,,Catalytic,,,,
162,GLY,,,,,,,,,,,Catalytic,,,,
163,ASP,,,,,,,,,,,Catalytic,,,,
164,GLN,,,,,,,,,,,Catalytic,,,,
165,TRP,,,,,,,,,,,Catalytic,,,,
166,GLU,,,,,,,,,,,Catalytic,,,,
167,GLU,,,,,,,,,,,Catalytic,,,,
168,GLU,,,,,,,,,,,Catalytic,,,,
169,GLU,,,,,,,,,,,Catalytic,,,,
170,GLY,,,,,,,,,,,Catalytic,,,,
171,GLY,,,,,,,,,,,Catalytic,,,,
172,PHE,A,62.48,31.30,6.57,176.00,55.91,145.50,0.00,0.00,,Catalytic,,,,
173,ASN,A,108.07,74.50,96.77,349.00,11.30,27.20,0.00,0.00,,Catalytic,,bb,,
174,TYR,A,138.34,64.60,138.21,308.00,0.13,0.30,0.00,0.00,Bend,Catalytic,,resi,,
175,ALA,A,9.32,8.60,6.29,344.00,3.03,6.90,0.00,0.00,Alpha helix,Catalytic,,resi,,
176,VAL,A,41.86,27.50,41.37,168.00,0.49,1.20,0.00,0.00,Alpha helix,Catalytic,,resi,,
177,ASP,A,59.40,41.60,54.11,231.00,5.30,12.50,0.00,0.00,Alpha helix,Catalytic,,,,
178,LEU,A,0.00,0.00,0.00,1.00,0.00,0.00,0.00,0.00,Alpha helix,Catalytic,,,,
179,VAL,A,0.00,0.00,0.00,1.00,0.00,0.00,0.00,0.00,Alpha helix,Catalytic,,,,
180,LYS,A,65.85,32.10,60.01,164.00,5.85,13.90,0.00,0.00,Alpha helix,Catalytic,,,,
181,HIS,A,22.09,12.10,18.56,47.00,3.53,9.00,0.00,0.00,Alpha helix,Catalytic,,,,
182,ILE,A,0.01,0.00,0.01,1.00,0.00,0.00,0.00,0.00,Alpha helix,Catalytic,,,,
183,ARG,A,43.24,18.20,36.58,75.00,6.66,15.90,0.00,0.00,Alpha helix,Catalytic,,,,
184,SER,A,94.54,79.90,54.88,296.00,39.66,91.40,0.00,0.00,Alpha helix,Catalytic,,,,
185,GLU,A,92.56,53.10,68.01,222.00,24.55,58.40,0.00,0.00,Alpha helix,Catalytic,,,,
186,PHE,A,23.13,11.60,6.20,137.00,16.92,44.00,0.00,0.00,Alpha helix,Catalytic,,,,
187,GLY,A,35.00,43.20,0.00,358.00,35.00,43.20,0.00,0.00,Turn,Catalytic,,,,
188,ASP,A,78.02,54.70,69.70,278.00,8.32,19.70,0.00,0.00,Turn,Catalytic,,,,
189,TYR,A,82.23,38.40,66.10,169.00,16.13,42.00,0.00,0.00,Bend,Catalytic,,,,
190,PHE,A,0.00,0.00,0.00,1.00,0.00,0.00,0.00,0.00,Bend,Catalytic,,,,
191,ASP,A,5.47,3.80,4.31,178.00,1.15,2.70,0.00,0.00,Beta strand,Catalytic,,,,
192,ILE,A,0.69,0.40,0.00,1.00,0.69,1.70,0.00,0.00,Beta strand,Catalytic,,,,
193,CYS,A,1.82,1.40,1.38,16.00,0.44,1.00,0.00,0.00,Beta strand,Catalytic,,,,
194,VAL,A,0.00,0.00,0.00,1.00,0.00,0.00,0.00,0.00,Beta strand,Catalytic,,,,
195,ALA,A,13.66,12.60,12.59,80.00,1.07,2.40,0.00,0.00,Beta strand,Catalytic,,resi,,
196,GLY,A,1.65,2.00,0.00,358.00,1.65,2.00,0.00,0.00,Beta strand,Catalytic,,resi,,
197,TYR,A,63.21,29.50,58.66,155.00,4.54,11.80,0.00,0.00,,Catalytic,,resi,,
198,PRO,A,8.80,6.40,3.65,134.00,5.14,18.70,0.00,0.00,Turn,Catalytic,,,,
199,LYS,A,105.42,51.40,79.48,206.00,25.93,61.70,0.00,0.00,Turn,Catalytic,,,,
200,GLY,A,19.29,23.80,0.00,358.00,19.29,23.80,0.00,0.00,,Catalytic,,,,
201,HIS,A,45.21,24.70,39.33,117.00,5.88,15.00,0.00,0.00,,Catalytic,,resi,,
202,PRO,A,92.39,67.30,56.88,225.00,35.51,129.10,0.00,0.00,Turn,Catalytic,,,,
203,GLU,A,118.48,68.00,82.06,258.00,36.42,86.70,0.00,0.00,Turn,Catalytic,,resi,,
204,ALA,A,32.02,29.40,9.57,54.00,22.44,51.10,0.00,0.00,,Catalytic,,bb,,
205,GLY,A,77.75,95.90,0.00,358.00,77.75,95.90,0.00,0.00,Bend,Catalytic,,,,
206,SER,A,55.46,46.90,35.87,202.00,19.59,45.10,0.00,0.00,,Catalytic,,,,
207,PHE,A,79.96,40.00,68.85,190.00,11.11,28.90,0.00,0.00,Alpha helix,Catalytic,,,,
208,GLU,A,118.88,68.30,116.90,339.00,1.98,4.70,0.00,0.00,Alpha helix,Catalytic,,,,
209,ALA,A,42.12,38.70,34.66,229.00,7.47,17.00,0.00,0.00,Alpha helix,Catalytic,,,,
210,ASP,A,25.82,18.10,25.06,108.00,0.77,1.80,0.00,0.00,Alpha helix,Catalytic,,resi,,
211,LEU,A,4.58,2.50,3.79,87.00,0.79,2.00,0.00,0.00,Alpha helix,Catalytic,,,,
212,LYS,A,56.07,27.40,48.02,127.00,8.05,19.20,0.00,0.00,Alpha helix,Catalytic,,,,
213,HIS,A,122.81,67.10,116.62,318.00,6.19,15.80,0.00,0.00,Alpha helix,Catalytic,,resi,,
214,LEU,A,14.12,7.90,10.76,282.00,3.35,8.40,0.00,0.00,Alpha helix,Catalytic,,,,
215,LYS,A,20.83,10.20,20.70,45.00,0.13,0.30,0.00,0.00,Alpha helix,Catalytic,,,,
216,GLU,A,56.90,32.70,46.94,161.00,9.97,23.70,0.00,0.00,Alpha helix,Catalytic,,,,
217,LYS,A,30.61,14.90,30.57,76.00,0.03,0.10,0.00,0.00,Alpha helix,Catalytic,,resi,,
218,VAL,A,17.47,11.50,12.73,35.00,4.75,11.40,0.00,0.00,Alpha helix,Catalytic,,,,
219,SER,A,98.67,83.40,59.79,311.00,38.88,89.60,0.00,0.00,Alpha helix,Catalytic,,,,
220,ALA,A,27.72,25.50,3.92,250.00,23.79,54.10,0.00,0.00,Alpha helix,Catalytic,,,,
221,GLY,A,19.22,23.70,0.00,358.00,19.22,23.70,0.00,0.00,Alpha helix,Catalytic,,,,
222,ALA,A,13.08,12.00,0.00,1.00,13.08,29.80,0.00,0.00,,Catalytic,,,,
223,ASP,A,24.28,17.00,13.98,51.00,10.31,24.40,0.00,0.00,,Catalytic,,,,
224,PHE,A,2.80,1.40,2.80,18.00,0.00,0.00,0.00,0.00,Beta strand,Catalytic,,,,
225,ILE,A,0.07,0.00,0.07,2.00,0.00,0.00,0.00,0.00,Beta strand,Catalytic,,,,
226,ILE,A,7.30,4.20,5.41,175.00,1.89,4.60,0.00,0.00,Beta strand,Catalytic,,resi,,
227,THR,A,1.45,1.00,0.00,1.00,1.45,3.40,0.00,0.00,Beta strand,Catalytic,,bb,,
228,GLN,A,29.05,16.20,24.72,72.00,4.33,10.30,0.00,0.00,,Catalytic,resi,resi,,
229,LEU,A,2.56,1.40,2.56,19.00,0.00,0.00,0.00,0.00,,Catalytic,resi,,,
230,PHE,A,14.77,7.40,3.74,84.00,11.03,28.70,0.00,0.00,,Catalytic,,,,
231,PHE,A,60.44,30.20,35.33,97.00,25.11,65.30,0.00,0.00,Bend,Catalytic,,,,
232,GLU,A,115.65,66.40,110.66,328.00,4.99,11.90,0.00,0.00,,Catalytic,,,,
233,ALA,A,8.71,8.00,5.91,341.00,2.80,6.40,0.00,0.00,Alpha helix,Catalytic,,,,
234,ASP,A,92.89,65.10,90.50,347.00,2.39,5.70,0.00,0.00,Alpha helix,Catalytic,,,,
235,THR,A,29.80,21.20,23.33,100.00,6.47,15.40,0.00,0.00,Alpha helix,Catalytic,,,,
236,PHE,A,0.03,0.00,0.03,1.00,0.00,0.00,0.00,0.00,Alpha helix,Catalytic,,,,
237,PHE,A,64.41,32.20,58.33,162.00,6.08,15.80,0.00,0.00,Alpha helix,Catalytic,,,,
238,ARG,A,74.86,31.40,64.72,152.00,10.15,24.20,0.00,0.00,Alpha helix,Catalytic,,,,
239,PHE,A,5.62,2.80,3.06,20.00,2.57,6.70,0.00,0.00,Alpha helix,Catalytic,,,,
240,VAL,A,17.93,11.80,17.93,62.00,0.00,0.00,0.00,0.00,Alpha helix,Catalytic,,,,
241,LYS,A,88.96,43.40,88.03,232.00,0.93,2.20,0.00,0.00,Alpha helix,Catalytic,,,,
242,ALA,A,29.12,26.80,18.30,121.00,10.82,24.60,0.00,0.00,Alpha helix,Catalytic,,,,
243,CYS,A,0.02,0.00,0.02,1.00,0.00,0.00,0.00,0.00,Alpha helix,Catalytic,,,,
244,THR,A,74.71,53.10,53.74,233.00,20.97,50.00,0.00,0.00,Alpha helix,Catalytic,,,,
245,ASP,A,112.53,78.80,76.57,303.00,35.96,85.00,0.00,0.00,Alpha helix,Catalytic,,,,
246,MET,A,85.34,44.20,53.45,160.00,31.89,75.90,0.00,0.00,Alpha helix,Catalytic,,,,
247,GLY,A,47.35,58.40,0.00,358.00,47.35,58.40,0.00,0.00,Turn,Catalytic,,,,
248,ILE,A,15.51,8.80,5.87,179.00,9.63,23.20,0.00,0.00,,Catalytic,,,,
249,THR,A,131.11,93.30,94.01,355.00,37.10,88.40,0.00,0.00,,Catalytic,,,,
250,CYS,A,26.35,19.90,10.94,43.00,15.42,36.20,0.00,0.00,Bend,Catalytic,,,,
251,PRO,A,48.30,35.20,38.20,159.00,10.11,36.70,0.00,0.00,,Catalytic,,,,
252,ILE,A,13.26,7.50,8.30,251.00,4.96,12.00,0.00,0.00,Beta strand,Catalytic,,,,
253,VAL,A,0.00,0.00,0.00,1.00,0.00,0.00,0.00,0.00,Beta strand,Catalytic,,,,
254,PRO,A,0.00,0.00,0.00,1.00,0.00,0.00,0.00,0.00,,Catalytic,,,,
255,GLY,A,1.03,1.30,0.00,358.00,1.03,1.30,0.00,0.00,Beta strand,Catalytic,,,,
256,ILE,A,4.93,2.80,2.91,83.00,2.02,4.90,0.00,0.00,Beta strand,Catalytic,,,,
257,PHE,A,21.05,10.50,3.95,85.00,17.10,44.50,0.00,0.00,,Catalytic,resi,,,
258,PRO,A,1.30,0.90,0.55,6.00,0.76,2.70,0.00,0.00,,Catalytic,,,,
259,ILE,A,13.90,7.90,13.51,21.00,0.39,0.90,0.00,0.00,,Catalytic,,,,
260,GLN,A,7.76,4.30,4.30,132.00,3.46,8.20,0.00,0.00,,Catalytic,,,,
261,GLY,A,5.46,6.70,0.00,358.00,5.46,6.70,0.00,0.00,Bend,Catalytic,,,,
262,TYR,A,100.13,46.70,96.27,234.00,3.86,10.00,0.00,0.00,Bend,Catalytic,,,,
263,HIS,A,144.27,78.80,141.26,356.00,3.01,7.70,0.00,0.00,Alpha helix,Catalytic,,,,
264,SER,A,6.53,5.50,5.65,281.00,0.88,2.00,0.00,0.00,Alpha helix,Catalytic,resi,,,
265,LEU,A,21.67,12.10,20.85,55.00,0.82,2.10,0.00,0.00,Alpha helix,Catalytic,resi,,,
266,ARG,A,54.38,22.80,49.12,109.00,5.26,12.50,0.00,0.00,Alpha helix,Catalytic,,,,
267,GLN,A,69.59,38.90,66.31,204.00,3.28,7.80,0.00,0.00,Alpha helix,Catalytic,,,,
268,LEU,A,5.51,3.10,5.51,138.00,0.00,0.00,0.00,0.00,Alpha helix,Catalytic,resi,,,
269,VAL,A,57.94,38.10,57.38,225.00,0.56,1.40,0.00,0.00,Alpha helix,Catalytic,,,,
270,LYS,A,149.45,72.90,138.73,331.00,10.72,25.50,0.00,0.00,Alpha helix,Catalytic,,,,
271,LEU,A,85.84,47.80,65.20,196.00,20.64,51.90,0.00,0.00,Alpha helix,Catalytic,,,,
272,SER,A,12.81,10.80,0.12,3.00,12.69,29.20,0.00,0.00,Alpha helix,Catalytic,resi,,,
273,LYS,A,139.79,68.20,111.24,276.00,28.54,68.00,0.00,0.00,,Catalytic,,,,
274,LEU,A,47.96,26.70,41.00,126.00,6.96,17.50,0.00,0.00,,Catalytic,,,,
275,GLU,A,86.57,49.70,65.82,210.00,20.76,49.40,0.00,0.00,,Catalytic,,,,
276,VAL,A,25.53,16.80,18.37,63.00,7.16,17.30,0.00,0.00,,Catalytic,,,,
277,PRO,A,39.44,28.70,30.29,119.00,9.15,33.30,0.00,0.00,,Catalytic,,,,
278,GLN,A,105.01,58.70,101.61,299.00,3.39,8.10,0.00,0.00,Alpha helix,Catalytic,,,,
279,GLU,A,117.53,67.50,107.74,320.00,9.79,23.30,0.00,0.00,Alpha helix,Catalytic,,,,
280,ILE,A,16.10,9.20,16.10,42.00,0.00,0.00,0.00,0.00,Alpha helix,Catalytic,,,,
281,LYS,A,60.73,29.60,60.73,166.00,0.00,0.00,0.00,0.00,Alpha helix,Catalytic,,,,
282,ASP,A,83.75,58.70,74.84,300.00,8.91,21.10,0.00,0.00,Alpha helix,Catalytic,,,,
283,VAL,A,65.62,43.20,52.71,200.00,12.91,31.10,0.00,0.00,Alpha helix,Catalytic,,,,
284,ILE,A,5.85,3.30,5.71,178.00,0.14,0.30,0.00,0.00,Alpha helix,Catalytic,,,,
285,GLU,A,85.59,49.10,70.84,230.00,14.75,35.10,0.00,0.00,310 helix,Catalytic,,,,
286,PRO,A,103.89,75.70,61.64,238.00,42.26,153.60,0.00,0.00,310 helix,Catalytic,,,,
287,ILE,A,59.55,33.90,54.17,185.00,5.39,13.00,0.00,0.00,310 helix,Catalytic,,,,
288,LYS,A,25.72,12.50,21.71,48.00,4.01,9.50,0.00,0.00,Turn,Catalytic,,,,
289,ASP,A,146.05,102.30,104.68,31.00,41.38,97.80,0.00,0.00,Turn,Catalytic,,,,
290,ASN,A,66.95,46.20,61.79,248.00,5.17,12.40,0.00,0.00,,Catalytic,,,,
291,ASP,A,78.81,55.20,71.09,290.00,7.73,18.30,0.00,0.00,Alpha helix,Catalytic,,,,
292,ALA,A,68.04,62.60,57.75,340.00,10.29,23.40,0.00,0.00,Alpha helix,Catalytic,,,,
293,ALA,A,34.48,31.70,23.84,164.00,10.64,24.20,0.00,0.00,Alpha helix,Catalytic,,,,
294,ILE,A,4.40,2.50,4.01,131.00,0.39,0.90,0.00,0.00,Alpha helix,Catalytic,,,,
295,ARG,A,53.75,22.60,53.75,118.00,0.00,0.00,0.00,0.00,Alpha helix,Catalytic,,,,
296,ASN,A,85.15,58.70,82.79,316.00,2.36,5.70,0.00,0.00,Alpha helix,Catalytic,,,,
297,TYR,A,50.23,23.50,47.57,116.00,2.66,6.90,0.00,0.00,Alpha helix,Catalytic,,,,
298,GLY,A,0.89,1.10,0.00,358.00,0.89,1.10,0.00,0.00,Alpha helix,Catalytic,,,,
299,ILE,A,4.72,2.70,4.72,135.00,0.00,0.00,0.00,0.00,Alpha helix,Catalytic,,,,
300,GLU,A,119.69,68.70,114.31,335.00,5.38,12.80,0.00,0.00,Alpha helix,Catalytic,,,,
301,LEU,A,56.28,31.30,51.46,164.00,4.82,12.10,0.00,0.00,Alpha helix,Catalytic,,,,
302,ALA,A,6.73,6.20,2.08,133.00,4.66,10.60,0.00,0.00,Alpha helix,Catalytic,,,,
303,VAL,A,19.65,12.90,19.65,69.00,0.00,0.00,0.00,0.00,Alpha helix,Catalytic,,,,
304,SER,A,60.61,51.20,57.03,302.00,3.58,8.20,0.00,0.00,Alpha helix,Catalytic,,,,
305,LEU,A,27.49,15.30,24.04,65.00,3.46,8.70,0.00,0.00,Alpha helix,Catalytic,,,,
306,CYS,A,0.00,0.00,0.00,1.00,0.00,0.00,0.00,0.00,Alpha helix,Catalytic,,,,
307,GLN,A,92.61,51.80,85.39,260.00,7.23,17.20,0.00,0.00,Alpha helix,Catalytic,,,,
308,GLU,A,101.06,58.00,92.89,285.00,8.17,19.50,0.00,0.00,Alpha helix,Catalytic,,,,
309,LEU,A,0.00,0.00,0.00,1.00,0.00,0.00,0.00,0.00,Alpha helix,Catalytic,,,,
310,LEU,A,32.32,18.00,25.51,73.00,6.81,17.10,0.00,0.00,Alpha helix,Catalytic,,,,
311,ALA,A,88.13,81.00,47.17,294.00,40.96,93.20,0.00,0.00,Turn,Catalytic,,,,
312,SER,A,45.21,38.20,6.27,314.00,38.94,89.70,0.00,0.00,Turn,Catalytic,,,,
313,GLY,A,55.49,68.40,0.00,358.00,55.49,68.40,0.00,0.00,Bend,Catalytic,,,,
314,LEU,A,57.82,32.20,34.40,106.00,23.42,58.90,0.00,0.00,Bend,Catalytic,,,,
315,VAL,A,1.23,0.80,0.00,1.00,1.23,3.00,0.00,0.00,,Catalytic,,,,
316,PRO,A,17.87,13.00,10.92,346.00,6.95,25.30,0.00,0.00,,Catalytic,,,,
317,GLY,A,0.00,0.00,0.00,358.00,0.00,0.00,0.00,0.00,Beta strand,Catalytic,,,,
318,LEU,A,0.00,0.00,0.00,1.00,0.00,0.00,0.00,0.00,Beta strand,Catalytic,,,,
319,HIS,A,0.58,0.30,0.58,5.00,0.00,0.00,0.00,0.00,Beta strand,Catalytic,,,,
320,PHE,A,0.00,0.00,0.00,1.00,0.00,0.00,0.00,0.00,Beta strand,Catalytic,,,,
321,TYR,A,18.87,8.80,18.42,24.00,0.45,1.20,0.00,0.00,Beta strand,Catalytic,resi,resi,,
322,THR,A,0.19,0.10,0.00,1.00,0.19,0.40,0.00,0.00,,Catalytic,,,,
323,LEU,A,55.18,30.70,45.15,149.00,10.02,25.20,0.00,0.00,Turn,Catalytic,resi,,,
324,ASN,A,14.10,9.70,8.99,315.00,5.11,12.30,0.00,0.00,Turn,Catalytic,,,,
325,ARG,A,103.41,43.40,101.21,223.00,2.20,5.20,0.00,0.00,,Catalytic,resi,,,
326,GLU,A,53.00,30.40,47.86,163.00,5.14,12.20,0.00,0.00,,Catalytic,,,,
327,MET,A,88.82,46.00,77.45,221.00,11.36,27.10,0.00,0.00,Alpha helix,Catalytic,,,,
328,ALA,A,0.31,0.30,0.03,1.00,0.28,0.60,0.00,0.00,Alpha helix,Catalytic,,,,
329,THR,A,0.00,0.00,0.00,1.00,0.00,0.00,0.00,0.00,Alpha helix,Catalytic,,,,
330,THR,A,15.89,11.30,15.89,61.00,0.00,0.00,0.00,0.00,Alpha helix,Catalytic,,,,
331,GLU,A,44.16,25.40,43.34,151.00,0.81,1.90,0.00,0.00,Alpha helix,Catalytic,,,,
332,VAL,A,0.00,0.00,0.00,1.00,0.00,0.00,0.00,0.00,Alpha helix,Catalytic,,,,
333,LEU,A,0.00,0.00,0.00,1.00,0.00,0.00,0.00,0.00,Alpha helix,Catalytic,,,,
334,LYS,A,118.12,57.60,100.46,257.00,17.65,42.00,0.00,0.00,Alpha helix,Catalytic,,,,
335,ARG,A,148.66,62.40,116.02,246.00,32.64,77.70,0.00,0.00,Alpha helix,Catalytic,,,,
336,LEU,A,32.33,18.00,2.94,82.00,29.39,73.90,0.00,0.00,Alpha helix,Catalytic,,,,
337,GLY,A,66.32,81.80,0.00,358.00,66.32,81.80,0.00,0.00,Turn,Catalytic,,,,
338,MET,A,32.78,17.00,12.54,313.00,20.23,48.20,0.00,0.00,,,,,,
339,TRP,A,43.03,17.30,26.22,45.00,16.81,39.50,0.00,0.00,Bend,,,,,
340,THR,A,60.43,43.00,48.50,208.00,11.93,28.40,0.00,0.00,,,,,,
341,GLU,A,95.35,54.70,60.93,195.00,34.42,81.90,0.00,0.00,Bend,,,,,
342,ASP,A,116.42,81.60,105.28,33.00,11.15,26.40,0.00,0.00,Bend,,,,,
343,PRO,A,74.27,54.10,45.64,189.00,28.63,104.10,0.00,0.00,,,,,,
344,ARG,A,83.62,35.10,56.83,125.00,26.80,63.80,0.00,0.00,,,,,,
345,ARG,A,110.95,46.60,98.47,215.00,12.48,29.70,0.00,0.00,,,,,,
346,PRO,A,83.36,60.80,71.30,265.00,12.06,43.80,0.00,0.00,Bend,,,,,
347,LEU,A,12.76,7.10,10.72,282.00,2.05,5.10,0.00,0.00,Bend,,,,,
348,PRO,A,40.19,29.30,17.63,61.00,22.56,82.00,0.00,0.00,Bend,,,,resi,
349,TRP,A,39.00,15.70,27.68,49.00,11.32,26.60,0.00,0.00,Bend,,,,bb,
350,ALA,A,73.83,67.90,52.70,319.00,21.13,48.10,0.00,0.00,,,,,,
351,LEU,A,62.31,34.70,54.31,173.00,7.99,20.10,0.00,0.00,,,,,,
352,SER,A,11.74,9.90,1.35,19.00,10.38,23.90,0.00,0.00,,,,,,
353,ALA,A,7.62,7.00,5.65,315.00,1.97,4.50,0.00,0.00,,,,,,
354,HIS,A,35.18,19.20,35.18,105.00,0.00,0.00,0.00,0.00,,,,,,
355,PRO,A,44.83,32.70,26.34,102.00,18.49,67.20,0.00,0.00,310 helix,,,,,
356,LYS,A,151.62,74.00,132.12,318.00,19.49,46.40,0.00,0.00,310 helix,,,,,
357,ARG,A,10.73,4.50,7.90,175.00,2.82,6.70,0.00,0.00,310 helix,,,,,
358,ARG,A,61.32,25.70,40.21,93.00,21.11,50.30,0.00,0.00,Turn,,,,,
359,GLU,A,108.30,62.20,103.78,307.00,4.51,10.70,0.00,0.00,Turn,,,,,
360,GLU,A,10.50,6.00,3.75,88.00,6.75,16.10,0.00,0.00,,,,,,
361,ASP,A,37.95,26.60,37.44,166.00,0.52,1.20,12.57,0.33,,,,,,
362,VAL,A,1.08,0.70,0.00,1.00,1.08,2.60,0.00,0.00,,,,,,
363,ARG,A,14.04,5.90,13.77,279.00,0.27,0.60,0.00,0.00,Beta strand,Regulatory,,,,
364,PRO,A,6.06,4.40,0.01,1.00,6.05,22.00,0.00,0.00,Beta strand,Regulatory,,,,
365,ILE,A,10.55,6.00,8.03,249.00,2.52,6.10,0.00,0.00,310 helix,Regulatory,,,resi,
366,PHE,A,4.24,2.10,0.08,1.00,4.16,10.80,0.00,0.00,310 helix,Regulatory,,,,
367,TRP,A,6.48,2.60,3.33,17.00,3.15,7.40,0.00,0.00,310 helix,Regulatory,,,,
368,ALA,A,67.13,61.70,32.80,217.00,34.33,78.10,0.00,0.00,Turn,Regulatory,,,resi,
369,SER,A,52.00,43.90,34.44,194.00,17.55,40.40,0.00,0.00,Turn,Regulatory,,,resi,
370,ARG,A,34.06,14.30,29.55,56.00,4.51,10.70,0.00,0.00,,Regulatory,,,,
371,PRO,A,59.29,43.20,58.42,228.00,0.87,3.20,0.00,0.00,Alpha helix,Regulatory,,,,
372,LYS,A,105.72,51.60,105.29,263.00,0.43,1.00,0.00,0.00,Alpha helix,Regulatory,,,,
373,SER,A,5.78,4.90,4.56,250.00,1.23,2.80,0.00,0.00,Alpha helix,Regulatory,,,,
374,TYR,A,4.10,1.90,4.10,84.00,0.00,0.00,0.00,0.00,Alpha helix,Regulatory,,,,
375,ILE,A,22.64,12.90,22.64,64.00,0.00,0.00,0.00,0.00,Alpha helix,Regulatory,,,,
376,TYR,A,56.52,26.40,53.05,140.00,3.47,9.00,0.00,0.00,Alpha helix,Regulatory,,,,
377,ARG,A,3.19,1.30,2.82,15.00,0.37,0.90,0.00,0.00,Alpha helix,Regulatory,,,,
378,THR,A,0.08,0.10,0.08,2.00,0.00,0.00,0.00,0.00,Alpha helix,Regulatory,,,,
379,GLN,A,92.95,52.00,68.21,211.00,24.74,58.90,0.00,0.00,Turn,Regulatory,,,,
380,GLU,A,136.68,78.50,113.76,334.00,22.92,54.60,0.00,0.00,Turn,Regulatory,,,,
381,TRP,A,32.83,13.20,24.03,36.00,8.80,20.70,0.00,0.00,,Regulatory,,,,
382,ASP,A,137.96,96.60,112.91,40.00,25.05,59.20,0.00,0.00,Bend,Regulatory,,,,
383,GLU,A,148.49,85.30,133.72,29.00,14.77,35.20,0.00,0.00,Bend,Regulatory,,,,
384,PHE,A,17.97,9.00,5.72,135.00,12.25,31.90,0.00,0.00,,Regulatory,,,,
385,PRO,A,32.59,23.80,22.24,92.00,10.35,37.60,0.00,0.00,,Regulatory,,,,
386,ASN,A,80.61,55.60,65.51,261.00,15.10,36.40,39.47,0.49,,Regulatory,,,,
387,GLY,A,31.45,38.80,0.00,358.00,31.45,38.80,21.98,0.70,Bend,Regulatory,,,,
388,ARG,A,151.83,63.70,150.09,304.00,1.74,4.10,116.23,0.77,,Regulatory,,,,
389,TRP,A,33.95,13.60,24.77,42.00,9.17,21.50,1.28,0.04,Bend,Regulatory,,,,
390,GLY,A,54.71,67.50,0.00,358.00,54.71,67.50,4.82,0.09,,Regulatory,,,,
391,ASN,A,138.23,95.30,68.36,267.00,69.87,168.20,27.86,0.20,,Regulatory,,,,
392,SER,,,,,,,,,,,Regulatory,,,,
393,SER,,,,,,,,,,,Regulatory,,,,
394,SER,,,,,,,,,,,Regulatory,,,,
395,PRO,,,,,,,,,,,Regulatory,,,,
396,ALA,,,,,,,,,,,Regulatory,,,,
397,PHE,A,155.09,77.60,65.28,185.00,89.81,233.70,0.00,0.00,,Regulatory,,,,
398,GLY,A,51.95,64.10,0.00,358.00,51.95,64.10,0.00,0.00,,Regulatory,,,,
399,GLU,A,72.99,41.90,51.18,172.00,21.81,51.90,0.00,0.00,,Regulatory,,,,
400,LEU,A,16.18,9.00,7.05,212.00,9.12,22.90,0.00,0.00,,Regulatory,,,,
401,LYS,A,34.98,17.10,25.41,58.00,9.57,22.80,0.00,0.00,,Regulatory,,,,
402,ASP,A,108.03,75.70,95.47,354.00,12.56,29.70,0.00,0.00,,Regulatory,,,,
403,TYR,A,42.69,19.90,27.39,58.00,15.30,39.80,0.00,0.00,,Regulatory,,,,
404,TYR,A,184.11,86.00,183.59,32.00,0.52,1.30,0.00,0.00,,Regulatory,,,,
405,LEU,A,101.33,56.40,98.70,288.00,2.63,6.60,0.00,0.00,310 helix,Regulatory,,,,
406,PHE,A,152.97,76.50,132.90,323.00,20.07,52.20,0.00,0.00,310 helix,Regulatory,,,,
407,TYR,A,51.82,24.20,41.37,99.00,10.45,27.20,0.00,0.00,310 helix,Regulatory,,,,
408,LEU,A,3.71,2.10,3.71,87.00,0.00,0.00,0.00,0.00,Turn,Regulatory,,,,
409,LYS,A,77.48,37.80,61.09,168.00,16.39,39.00,0.00,0.00,Bend,Regulatory,,,,
410,SER,A,37.62,31.80,11.10,54.00,26.52,61.10,0.00,0.00,,Regulatory,,,,
411,LYS,A,116.47,56.80,71.97,192.00,44.51,106.00,0.00,0.00,Bend,Regulatory,,,,
412,SER,A,30.75,26.00,18.82,110.00,11.94,27.50,0.00,0.00,Bend,Regulatory,,,,
413,PRO,A,69.13,50.40,58.32,227.00,10.81,39.30,0.00,0.00,,Regulatory,,,,
414,LYS,A,61.72,30.10,54.24,154.00,7.48,17.80,0.00,0.00,Alpha helix,Regulatory,,,,
415,GLU,A,103.74,59.60,100.73,303.00,3.01,7.20,0.00,0.00,Alpha helix,Regulatory,,,,
416,GLU,A,90.91,52.20,89.89,273.00,1.01,2.40,0.00,0.00,Alpha helix,Regulatory,,,,
417,LEU,A,5.11,2.80,5.11,136.00,0.00,0.00,0.00,0.00,Alpha helix,Regulatory,,,,
418,LEU,A,35.89,20.00,35.89,114.00,0.00,0.00,0.00,0.00,Alpha helix,Regulatory,,,,
419,LYS,A,92.25,45.00,90.28,235.00,1.97,4.70,0.00,0.00,Alpha helix,Regulatory,,,,
420,MET,A,21.77,11.30,19.41,46.00,2.36,5.60,0.00,0.00,Alpha helix,Regulatory,,,,
421,TRP,A,1.51,0.60,0.23,2.00,1.28,3.00,0.00,0.00,Alpha helix,Regulatory,,,,
422,GLY,A,18.62,23.00,0.00,358.00,18.62,23.00,0.00,0.00,,Regulatory,,,,
423,GLU,A,87.75,50.40,75.38,241.00,12.37,29.40,0.00,0.00,Bend,Regulatory,,,,
424,GLU,A,140.43,80.60,124.09,351.00,16.34,38.90,0.00,0.00,,Regulatory,,,,
425,LEU,A,8.98,5.00,2.93,82.00,6.05,15.20,0.00,0.00,,Regulatory,,,,
426,THR,A,111.86,79.60,81.28,324.00,30.58,72.90,0.00,0.00,,Regulatory,,,,
427,SER,A,50.40,42.60,46.70,259.00,3.70,8.50,0.00,0.00,Bend,Regulatory,,,,
428,GLU,A,53.51,30.70,53.32,184.00,0.18,0.40,0.00,0.00,Alpha helix,Regulatory,,,,
429,ALA,A,58.59,53.90,53.27,322.00,5.32,12.10,0.00,0.00,Alpha helix,Regulatory,,,,
430,SER,A,30.29,25.60,15.58,95.00,14.71,33.90,0.00,0.00,Alpha helix,Regulatory,,,,
431,VAL,A,0.00,0.00,0.00,1.00,0.00,0.00,0.00,0.00,Alpha helix,Regulatory,,,,
432,PHE,A,41.36,20.70,41.36,113.00,0.00,0.00,0.00,0.00,Alpha helix,Regulatory,,,,
433,GLU,A,85.33,49.00,85.33,263.00,0.00,0.00,0.00,0.00,Alpha helix,Regulatory,,,,
434,VAL,A,11.50,7.60,11.48,23.00,0.02,0.00,0.00,0.00,Alpha helix,Regulatory,,,,
435,PHE,A,0.74,0.40,0.74,6.00,0.00,0.00,0.00,0.00,Alpha helix,Regulatory,,,,
436,VAL,A,10.96,7.20,10.96,346.00,0.00,0.00,0.00,0.00,Alpha helix,Regulatory,,,,
437,LEU,A,22.26,12.40,22.26,60.00,0.00,0.00,0.00,0.00,Alpha helix,Regulatory,,,,
438,TYR,A,21.51,10.00,12.06,254.00,9.45,24.60,0.00,0.00,Alpha helix,Regulatory,,,resi,
439,LEU,A,10.63,5.90,8.92,252.00,1.71,4.30,0.00,0.00,Alpha helix,Regulatory,,,resi,
440,SER,A,34.37,29.00,13.08,67.00,21.29,49.00,0.00,0.00,Alpha helix,Regulatory,,,,
441,GLY,A,36.06,44.50,0.00,358.00,36.06,44.50,0.00,0.00,,Regulatory,,,,
442,GLU,A,106.62,61.20,106.25,317.00,0.36,0.90,0.00,0.00,,Regulatory,,,,
443,PRO,A,70.04,51.00,53.71,207.00,16.32,59.30,0.00,0.00,Beta bridge,Regulatory,,,,
444,ASN,A,25.99,17.90,18.32,68.00,7.67,18.50,0.00,0.00,,Regulatory,,,,
445,ARG,A,227.07,95.30,183.62,350.00,43.45,103.40,0.00,0.00,Turn,Regulatory,,,,
446,ASN,A,98.35,67.80,72.63,284.00,25.71,61.90,0.00,0.00,Turn,Regulatory,,,,
447,GLY,A,54.55,67.30,0.00,358.00,54.55,67.30,0.00,0.00,Bend,Regulatory,,,,
448,HIS,A,65.89,36.00,63.55,192.00,2.34,6.00,0.00,0.00,,Regulatory,,,,
449,LYS,A,125.71,61.30,117.74,291.00,7.97,19.00,0.00,0.00,Beta bridge,Regulatory,,,,
450,VAL,A,6.31,4.20,0.00,1.00,6.31,15.20,0.00,0.00,,Regulatory,,,,
451,THR,A,88.50,62.90,73.69,301.00,14.81,35.30,0.00,0.00,,Regulatory,,,,
452,CYS,A,13.38,10.10,13.38,55.00,0.00,0.00,0.00,0.00,,Regulatory,,,,
453,LEU,A,4.97,2.80,1.57,12.00,3.40,8.50,0.00,0.00,Beta bridge,Regulatory,,,resi,
454,PRO,A,4.55,3.30,0.00,1.00,4.55,16.50,0.00,0.00,Turn,Regulatory,,,,
455,TRP,A,5.51,2.20,2.09,11.00,3.42,8.00,0.00,0.00,Turn,Regulatory,,,,
456,ASN,A,15.80,10.90,14.55,52.00,1.25,3.00,0.00,0.00,Beta bridge,Regulatory,,,resi,
457,ASP,A,90.30,63.30,67.36,271.00,22.94,54.30,0.00,0.00,,Regulatory,,,,
458,GLU,A,113.74,65.30,110.39,327.00,3.35,8.00,0.00,0.00,Bend,Regulatory,,,,
459,PRO,A,114.53,83.50,94.24,333.00,20.29,73.70,0.00,0.00,,Regulatory,,,,
460,LEU,A,67.11,37.40,43.23,142.00,23.88,60.00,0.00,0.00,,Regulatory,,,resi,
461,ALA,A,65.59,60.30,44.23,276.00,21.36,48.60,0.00,0.00,,Regulatory,,,resi,
462,ALA,A,58.70,54.00,38.43,247.00,20.27,46.10,0.00,0.00,310 helix,Regulatory,,,,
463,GLU,A,37.01,21.30,36.58,120.00,0.44,1.00,0.00,0.00,310 helix,Regulatory,,,resi,
464,THR,A,10.82,7.70,10.47,25.00,0.35,0.80,0.00,0.00,310 helix,Regulatory,,,resi,
465,SER,A,79.26,67.00,52.78,286.00,26.48,61.00,0.00,0.00,310 helix,Regulatory,,,,
466,LEU,A,79.56,44.30,50.44,162.00,29.11,73.20,0.00,0.00,310 helix,Regulatory,,,,
467,LEU,A,7.71,4.30,6.74,181.00,0.97,2.40,0.00,0.00,Bend,Regulatory,,,,
468,LYS,A,55.94,27.30,54.84,156.00,1.10,2.60,0.00,0.00,Alpha helix,Regulatory,,,,
469,GLU,A,120.15,69.00,114.91,336.00,5.24,12.50,0.00,0.00,Alpha helix,Regulatory,,,,
470,GLU,A,67.28,38.60,62.14,197.00,5.14,12.20,0.00,0.00,Alpha helix,Regulatory,,,,
471,LEU,A,3.54,2.00,3.54,86.00,0.00,0.00,0.00,0.00,Alpha helix,Regulatory,,,resi,
472,LEU,A,16.08,9.00,16.08,35.00,0.00,0.00,0.00,0.00,Alpha helix,Regulatory,,,,
473,ARG,A,75.71,31.80,75.69,171.00,0.02,0.00,0.00,0.00,Alpha helix,Regulatory,,,,
474,VAL,A,3.02,2.00,2.99,87.00,0.03,0.10,0.00,0.00,Alpha helix,Regulatory,,,,
475,ASN,A,0.00,0.00,0.00,1.00,0.00,0.00,0.00,0.00,Alpha helix,Regulatory,,,,
476,ARG,A,115.28,48.40,98.70,216.00,16.58,39.50,0.00,0.00,Alpha helix,Regulatory,,,,
477,GLN,A,84.36,47.20,64.69,198.00,19.68,46.80,0.00,0.00,Turn,Regulatory,,,,
478,GLY,A,5.96,7.30,0.00,358.00,5.96,7.30,0.00,0.00,Turn,Regulatory,,,,
479,ILE,A,3.42,1.90,3.42,86.00,0.00,0.00,0.00,0.00,,Regulatory,,,,
480,LEU,A,0.00,0.00,0.00,1.00,0.00,0.00,0.00,0.00,Beta strand,Regulatory,,,,
481,THR,A,10.30,7.30,4.97,212.00,5.32,12.70,0.00,0.00,Beta strand,Regulatory,,,resi,
482,ILE,A,13.76,7.80,2.00,16.00,11.76,28.30,0.00,0.00,Beta strand,Regulatory,,,bb,
483,ASN,A,28.01,19.30,16.25,59.00,11.76,28.30,0.00,0.00,Beta strand,Regulatory,,,resi,
484,SER,A,17.86,15.10,7.73,22.00,10.13,23.30,0.00,0.00,Beta strand,Regulatory,,,resi,
485,GLN,A,10.56,5.90,10.21,281.00,0.35,0.80,0.00,0.00,Beta strand,Regulatory,,,resi,
486,PRO,A,9.57,7.00,8.94,312.00,0.63,2.30,0.00,0.00,,Regulatory,,,,
487,ASN,A,36.36,25.10,24.78,101.00,11.57,27.90,0.00,0.00,,Regulatory,,,,
488,ILE,A,8.67,4.90,4.99,136.00,3.67,8.90,0.00,0.00,Beta strand,Regulatory,,,,
489,ASN,A,87.70,60.50,62.36,255.00,25.35,61.00,0.82,0.01,Beta strand,Regulatory,,,,
490,GLY,A,20.51,25.30,0.00,358.00,20.51,25.30,0.42,0.02,Beta strand,Regulatory,,,,
491,LYS,A,79.89,39.00,78.11,202.00,1.78,4.20,0.00,0.00,Beta strand,Regulatory,,,,
492,PRO,A,79.72,58.10,79.50,293.00,0.22,0.80,0.00,0.00,Beta strand,Regulatory,,,,
493,SER,A,5.50,4.60,0.07,2.00,5.43,12.50,0.00,0.00,Turn,Regulatory,,,,
494,SER,A,87.65,74.10,60.91,319.00,26.74,61.60,0.00,0.00,Turn,Regulatory,,,,
495,ASP,A,25.64,18.00,16.21,61.00,9.43,22.30,0.00,0.00,,Regulatory,,,,
496,PRO,A,131.82,96.10,92.75,330.00,39.08,142.00,0.00,0.00,Turn,Regulatory,,,,
497,ILE,A,64.68,36.80,55.40,188.00,9.28,22.40,0.00,0.00,Turn,Regulatory,,,,
498,VAL,A,0.77,0.50,0.70,7.00,0.07,0.20,0.00,0.00,Turn,Regulatory,,,,
499,GLY,A,8.23,10.20,0.00,358.00,8.23,10.20,0.00,0.00,,Regulatory,,,,
500,TRP,A,2.68,1.10,0.00,1.00,2.68,6.30,0.00,0.00,,Regulatory,,,,
501,GLY,A,4.95,6.10,0.00,358.00,4.95,6.10,0.00,0.00,Bend,Regulatory,,,,
502,PRO,A,43.59,31.80,32.53,129.00,11.06,40.20,0.00,0.00,Bend,Regulatory,,,,
503,SER,A,73.21,61.90,61.36,321.00,11.86,27.30,0.00,0.00,Turn,Regulatory,,,,
504,GLY,A,57.79,71.30,0.00,358.00,57.79,71.30,4.67,0.08,Turn,Regulatory,,,,
505,GLY,A,3.20,3.90,0.00,358.00,3.20,3.90,0.00,0.00,,Regulatory,,,,
506,TYR,A,123.83,57.80,123.83,287.00,0.00,0.00,89.12,0.72,Beta strand,Regulatory,,,,
507,VAL,A,0.00,0.00,0.00,1.00,0.00,0.00,0.00,0.00,Beta strand,Regulatory,,,,
508,PHE,A,39.18,19.60,39.18,104.00,0.00,0.00,33.98,0.87,Beta strand,Regulatory,,,,
509,GLN,A,5.71,3.20,5.71,177.00,0.00,0.00,0.00,0.00,Beta strand,Regulatory,,,resi,
510,LYS,A,29.27,14.30,29.27,71.00,0.00,0.00,27.22,0.93,,Regulatory,,,,
511,ALA,A,0.38,0.30,0.19,4.00,0.19,0.40,0.00,0.00,Beta strand,Regulatory,,,,
512,TYR,A,3.25,1.50,0.00,1.00,3.25,8.40,0.00,0.00,Beta strand,Regulatory,,,,
513,LEU,A,0.68,0.40,0.68,6.00,0.00,0.00,0.00,0.00,Beta strand,Regulatory,,,,
514,GLU,A,0.40,0.20,0.40,4.00,0.00,0.00,0.00,0.00,Beta strand,Regulatory,,,,
515,PHE,A,1.99,1.00,1.99,13.00,0.00,0.00,0.00,0.00,Beta strand,Regulatory,,,,
516,PHE,A,0.04,0.00,0.04,1.00,0.00,0.00,0.00,0.00,Beta strand,Regulatory,,,,
517,THR,A,0.63,0.40,0.63,7.00,0.00,0.00,0.00,0.00,Beta strand,Regulatory,,,,
518,SER,A,23.25,19.60,22.46,139.00,0.79,1.80,0.00,0.00,,Regulatory,,,,
519,ARG,A,111.88,47.00,110.74,239.00,1.13,2.70,0.00,0.00,Alpha helix,Regulatory,,,,
520,GLU,A,107.70,61.80,101.68,305.00,6.01,14.30,0.00,0.00,Alpha helix,Regulatory,,,,
521,THR,A,17.31,12.30,17.31,67.00,0.00,0.00,0.00,0.00,Alpha helix,Regulatory,,,,
522,ALA,A,3.06,2.80,3.06,180.00,0.00,0.00,0.00,0.00,Alpha helix,Regulatory,,,,
523,GLU,A,109.41,62.80,98.70,301.00,10.71,25.50,0.00,0.00,Alpha helix,Regulatory,,,,
524,ALA,A,9.48,8.70,4.98,282.00,4.49,10.20,0.00,0.00,Alpha helix,Regulatory,,,,
525,LEU,A,4.23,2.40,4.23,131.00,0.00,0.00,0.00,0.00,Alpha helix,Regulatory,,,,
526,LEU,A,53.81,30.00,51.78,165.00,2.03,5.10,0.00,0.00,Alpha helix,Regulatory,,,,
527,GLN,A,98.67,55.20,93.16,274.00,5.51,13.10,0.00,0.00,Alpha helix,Regulatory,,,,
528,VAL,A,4.11,2.70,3.02,87.00,1.09,2.60,0.00,0.00,Alpha helix,Regulatory,,,,
529,LEU,A,1.42,0.80,0.87,7.00,0.56,1.40,0.00,0.00,Alpha helix,Regulatory,,,,
530,LYS,A,135.35,66.00,119.02,295.00,16.33,38.90,0.00,0.00,310 helix,Regulatory,,,,
531,LYS,A,147.56,72.00,108.18,268.00,39.37,93.70,0.00,0.00,310 helix,Regulatory,,,,
532,TYR,A,33.86,15.80,31.52,70.00,2.35,6.10,0.00,0.00,310 helix,Regulatory,,,,
533,GLU,A,75.37,43.30,67.61,219.00,7.76,18.50,0.00,0.00,Turn,Regulatory,,,,
534,LEU,A,180.15,100.30,147.74,34.00,32.41,81.50,12.40,0.07,Turn,Regulatory,,,,
535,ARG,A,60.12,25.20,56.93,125.00,3.19,7.60,0.00,0.00,Turn,Regulatory,,,,
536,VAL,A,2.13,1.40,0.14,2.00,1.99,4.80,0.00,0.00,Beta strand,Regulatory,,,,
537,ASN,A,30.13,20.80,29.95,124.00,0.19,0.50,9.87,0.33,Beta strand,Regulatory,,,,
538,TYR,A,24.13,11.30,20.83,38.00,3.30,8.60,0.00,0.00,Beta strand,Regulatory,,,,
539,HIS,A,6.75,3.70,6.75,180.00,0.00,0.00,0.00,0.00,Beta strand,Regulatory,,,,
540,LEU,A,1.80,1.00,1.80,14.00,0.00,0.00,0.00,0.00,Beta strand,Regulatory,,,,
541,VAL,A,0.00,0.00,0.00,1.00,0.00,0.00,0.00,0.00,Beta strand,Regulatory,,,,
542,ASN,A,7.57,5.20,7.57,280.00,0.00,0.00,0.00,0.00,Beta strand,Regulatory,,,,
543,VAL,A,50.27,33.10,34.97,146.00,15.30,36.90,0.00,0.00,Turn,Regulatory,,,,
544,LYS,A,150.13,73.20,109.13,271.00,41.00,97.60,0.00,0.00,Turn,Regulatory,,,,
545,GLY,A,21.90,27.00,0.00,358.00,21.90,27.00,0.00,0.00,,Regulatory,,,,
546,GLU,A,87.74,50.40,76.18,242.00,11.56,27.50,0.00,0.00,,Regulatory,,,,
547,ASN,A,64.13,44.20,34.38,153.00,29.75,71.60,0.00,0.00,Beta strand,Regulatory,,,,
548,ILE,A,85.57,48.70,81.05,256.00,4.51,10.90,0.00,0.00,Beta strand,Regulatory,,,,
549,THR,A,33.11,23.50,11.67,37.00,21.44,51.10,0.00,0.00,Beta strand,Regulatory,,,,phospho
550,ASN,A,32.59,22.50,14.61,52.00,17.98,43.30,0.00,0.00,,Regulatory,,,,
551,ALA,A,17.65,16.20,8.71,49.00,8.93,20.30,0.00,0.00,,Regulatory,,,,
552,PRO,A,77.69,56.60,68.39,259.00,9.31,33.80,44.55,0.57,310 helix,Regulatory,,,,
553,GLU,A,156.87,90.10,116.69,338.00,40.18,95.70,14.42,0.09,310 helix,Regulatory,,,,
554,LEU,A,100.57,56.00,93.47,270.00,7.11,17.90,0.00,0.00,310 helix,Regulatory,,,,
555,GLN,A,100.88,56.40,94.08,277.00,6.80,16.20,51.21,0.51,,Regulatory,,,,
556,PRO,A,31.12,22.70,19.01,66.00,12.11,44.00,19.35,0.62,,Regulatory,,,,
557,ASN,A,33.40,23.00,29.37,122.00,4.03,9.70,26.28,0.79,Beta strand,Regulatory,,,,
558,ALA,A,29.85,27.40,21.08,150.00,8.77,20.00,28.71,0.96,Beta strand,Regulatory,,,,
559,VAL,A,0.00,0.00,0.00,1.00,0.00,0.00,0.00,0.00,Beta strand,Regulatory,,,,
560,THR,A,2.51,1.80,2.51,86.00,0.00,0.00,0.00,0.00,Beta strand,Regulatory,,,resi,
561,TRP,A,39.47,15.80,39.47,78.00,0.00,0.00,38.96,0.99,Beta strand,Regulatory,,,,
562,GLY,A,0.00,0.00,0.00,358.00,0.00,0.00,0.00,0.00,Beta strand,Regulatory,,,,
563,ILE,A,70.22,40.00,68.66,220.00,1.56,3.80,66.86,0.95,Beta strand,Regulatory,,,,
564,PHE,A,5.90,3.00,0.00,1.00,5.90,15.40,5.30,0.90,,Regulatory,,,,
565,PRO,A,82.51,60.10,60.11,234.00,22.40,81.40,48.59,0.59,Turn,Regulatory,,,,
566,GLY,A,89.22,110.00,0.00,358.00,89.22,110.00,86.55,0.97,Turn,Regulatory,,,,
567,ARG,A,160.95,67.60,126.42,262.00,34.53,82.20,83.23,0.52,Bend,Regulatory,,,,
568,GLU,A,160.04,91.90,146.67,39.00,13.37,31.80,142.07,0.89,,Regulatory,,,,
569,ILE,A,113.60,64.60,88.77,267.00,24.84,59.90,103.09,0.91,,Regulatory,,,,
570,ILE,A,38.31,21.80,36.77,118.00,1.54,3.70,7.00,0.18,Beta strand,Regulatory,,,,
571,GLN,A,36.14,20.20,33.16,103.00,2.98,7.10,27.71,0.77,Beta strand,Regulatory,,,,
572,PRO,A,0.02,0.00,0.00,1.00,0.02,0.10,0.00,0.00,Beta strand,Regulatory,,,,
573,THR,A,12.46,8.90,12.46,44.00,0.00,0.00,0.00,0.00,Beta strand,Regulatory,,,resi,
574,VAL,A,1.25,0.80,1.25,12.00,0.00,0.00,1.25,1.00,Beta strand,Regulatory,,,,
575,VAL,A,14.05,9.20,12.68,35.00,1.38,3.30,0.00,0.00,Beta strand,Regulatory,,,,
576,ASP,A,5.38,3.80,5.38,213.00,0.00,0.00,0.00,0.00,,Regulatory,,,,
577,PRO,A,9.51,6.90,7.24,253.00,2.27,8.30,0.00,0.00,Alpha helix,Regulatory,,,,
578,VAL,A,84.84,55.80,81.24,297.00,3.60,8.70,0.00,0.00,Alpha helix,Regulatory,,,,
579,SER,A,2.35,2.00,1.75,84.00,0.60,1.40,0.00,0.00,Alpha helix,Regulatory,,,,
580,PHE,A,0.05,0.00,0.05,1.00,0.00,0.00,0.00,0.00,Alpha helix,Regulatory,,,,
581,MET,A,53.96,27.90,50.91,157.00,3.05,7.30,0.00,0.00,Alpha helix,Regulatory,,,,
582,PHE,A,65.39,32.70,64.82,183.00,0.57,1.50,0.00,0.00,Alpha helix,Regulatory,,,,
583,TRP,A,8.02,3.20,8.02,138.00,0.00,0.00,0.00,0.00,Alpha helix,Regulatory,,,,
584,LYS,A,19.47,9.50,19.47,38.00,0.00,0.00,0.00,0.00,Alpha helix,Regulatory,,,,
585,ASP,A,62.44,43.70,54.72,233.00,7.72,18.20,0.00,0.00,Alpha helix,Regulatory,,,,
586,GLU,A,1.53,0.90,1.53,13.00,0.00,0.00,0.00,0.00,Alpha helix,Regulatory,,,,
587,ALA,A,0.00,0.00,0.00,1.00,0.00,0.00,0.00,0.00,Alpha helix,Regulatory,,,,
588,PHE,A,1.20,0.60,1.20,8.00,0.00,0.00,0.00,0.00,Alpha helix,Regulatory,,,,
589,ALA,A,23.15,21.30,18.78,125.00,4.37,9.90,0.00,0.00,Alpha helix,Regulatory,,,,
590,LEU,A,0.00,0.00,0.00,1.00,0.00,0.00,0.00,0.00,Alpha helix,Regulatory,,,,
591,TRP,A,0.21,0.10,0.21,2.00,0.00,0.00,0.00,0.00,Pi-helix,Regulatory,,,,
592,ILE,A,25.39,14.40,25.39,77.00,0.00,0.00,0.00,0.00,Pi-helix,Regulatory,,,,
593,GLU,A,56.60,32.50,42.45,148.00,14.14,33.70,0.00,0.00,Pi-helix,Regulatory,,,,
594,GLN,A,15.95,8.90,10.62,283.00,5.33,12.70,0.00,0.00,Pi-helix,Regulatory,,,,
595,TRP,A,0.00,0.00,0.00,1.00,0.00,0.00,0.00,0.00,Pi-helix,Regulatory,,,,
596,GLY,A,0.06,0.10,0.00,358.00,0.06,0.10,0.00,0.00,310 helix,Regulatory,,,,
597,LYS,A,116.33,56.80,96.14,245.00,20.20,48.10,0.00,0.00,310 helix,Regulatory,,,,
598,LEU,A,35.61,19.80,14.83,25.00,20.79,52.30,0.00,0.00,310 helix,Regulatory,,,,
599,TYR,A,15.60,7.30,6.99,175.00,8.61,22.40,0.00,0.00,Bend,Regulatory,,,,
600,GLU,A,139.55,80.10,130.30,357.00,9.24,22.00,0.00,0.00,,Regulatory,,,,
601,GLU,A,129.47,74.30,113.06,332.00,16.41,39.10,0.00,0.00,Turn,Regulatory,,,,
602,GLU,A,159.90,91.80,133.66,28.00,26.23,62.50,0.00,0.00,Turn,Regulatory,,,,
603,SER,A,23.80,20.10,17.97,102.00,5.83,13.40,0.00,0.00,Bend,Regulatory,,,,
604,PRO,A,101.02,73.60,95.86,337.00,5.17,18.80,0.00,0.00,Alpha helix,Regulatory,,,,
605,SER,A,4.95,4.20,4.92,253.00,0.03,0.10,0.00,0.00,Alpha helix,Regulatory,,,,
606,ARG,A,37.77,15.90,37.77,79.00,0.00,0.00,0.00,0.00,Alpha helix,Regulatory,,,,
607,THR,A,87.65,62.30,81.36,325.00,6.30,15.00,0.00,0.00,Alpha helix,Regulatory,,,,
608,ILE,A,22.55,12.80,20.68,57.00,1.87,4.50,0.00,0.00,Alpha helix,Regulatory,,,,
609,ILE,A,0.00,0.00,0.00,1.00,0.00,0.00,0.00,0.00,Alpha helix,Regulatory,,,,
610,GLN,A,65.37,36.60,65.37,201.00,0.00,0.00,0.00,0.00,Alpha helix,Regulatory,,,,
611,TYR,A,104.93,49.00,99.44,240.00,5.49,14.30,0.00,0.00,Alpha helix,Regulatory,,,,
612,ILE,A,0.16,0.10,0.16,2.00,0.00,0.00,0.00,0.00,Alpha helix,Regulatory,,,,
613,HIS,A,29.17,15.90,28.91,91.00,0.26,0.70,0.00,0.00,Alpha helix,Regulatory,,,,
614,ASP,A,56.72,39.70,51.83,223.00,4.90,11.60,0.00,0.00,Alpha helix,Regulatory,,,,
615,ASN,A,57.36,39.60,50.10,203.00,7.25,17.50,0.00,0.00,Alpha helix,Regulatory,,,,
616,TYR,A,3.02,1.40,2.58,16.00,0.45,1.20,0.00,0.00,,Regulatory,,,,
617,PHE,A,19.45,9.70,19.45,42.00,0.00,0.00,0.00,0.00,Beta strand,Regulatory,,,,
618,LEU,A,0.00,0.00,0.00,1.00,0.00,0.00,0.00,0.00,Beta strand,Regulatory,,,,
619,VAL,A,0.00,0.00,0.00,1.00,0.00,0.00,0.00,0.00,Beta strand,Regulatory,,,,
620,ASN,A,3.64,2.50,3.64,135.00,0.00,0.00,0.00,0.00,Beta strand,Regulatory,,,,
621,LEU,A,0.03,0.00,0.03,1.00,0.00,0.00,0.00,0.00,Beta strand,Regulatory,,,,
622,VAL,A,0.41,0.30,0.41,5.00,0.00,0.00,0.00,0.00,Beta strand,Regulatory,,,,
623,ASP,A,2.56,1.80,2.20,83.00,0.36,0.90,0.00,0.00,Beta strand,Regulatory,,,,
624,ASN,A,35.20,24.30,29.69,123.00,5.52,13.30,26.97,0.77,,Regulatory,,,,
625,ASP,A,52.12,36.50,51.29,219.00,0.83,2.00,25.57,0.49,,Regulatory,,,,
626,PHE,A,49.98,25.00,48.08,130.00,1.91,5.00,47.59,0.95,Turn,Regulatory,,,,
627,PRO,A,78.51,57.20,52.12,199.00,26.39,95.90,27.17,0.35,Turn,Regulatory,,,,
628,LEU,A,100.82,56.10,96.14,277.00,4.68,11.80,5.53,0.05,Bend,Regulatory,,,,
629,ASP,A,131.75,92.30,119.63,41.00,12.12,28.60,0.00,0.00,,Regulatory,,,,
630,ASN,A,29.39,20.30,14.07,50.00,15.32,36.90,0.00,0.00,,Regulatory,,,,
631,CYS,A,13.41,10.10,8.82,345.00,4.59,10.80,0.00,0.00,,Regulatory,,,,
632,LEU,A,1.28,0.70,1.28,10.00,0.00,0.00,0.00,0.00,Alpha helix,Regulatory,,,,
633,TRP,A,47.51,19.10,46.35,98.00,1.16,2.70,0.00,0.00,Alpha helix,Regulatory,,,,
634,GLN,A,93.58,52.30,90.49,267.00,3.09,7.40,0.00,0.00,Alpha helix,Regulatory,,,,
635,VAL,A,0.00,0.00,0.00,1.00,0.00,0.00,0.00,0.00,Alpha helix,Regulatory,,,,
636,VAL,A,3.23,2.10,2.97,87.00,0.25,0.60,0.00,0.00,Alpha helix,Regulatory,,,,
637,GLU,A,49.85,28.60,49.85,170.00,0.00,0.00,0.00,0.00,Alpha helix,Regulatory,,,,
638,ASP,A,21.78,15.30,18.34,73.00,3.44,8.10,0.00,0.00,Alpha helix,Regulatory,,,,
639,THR,A,2.68,1.90,2.68,87.00,0.00,0.00,0.00,0.00,Alpha helix,Regulatory,,,,
640,LEU,A,8.34,4.60,8.34,249.00,0.00,0.00,0.00,0.00,Alpha helix,Regulatory,,,,
641,GLU,A,77.84,44.70,73.94,236.00,3.90,9.30,0.00,0.00,Alpha helix,Regulatory,,,,
642,LEU,A,75.43,42.00,63.90,193.00,11.53,29.00,0.00,0.00,Alpha helix,Regulatory,,,,
643,LEU,A,72.88,40.60,38.28,118.00,34.60,87.00,0.00,0.00,Alpha helix,Regulatory,,,,
644,ASN,A,56.21,38.80,52.79,218.00,3.42,8.20,0.00,0.00,Turn,Regulatory,,,,
645,ALA,A,68.43,62.90,33.14,219.00,35.29,80.30,0.00,0.00,Turn,,,,,
646,GLU,A,174.91,100.40,139.72,34.00,35.19,83.80,0.00,0.00,Turn,,,,,
647,ASN,A,77.89,53.70,69.94,272.00,7.94,19.10,0.00,0.00,,,,,,
648,LEU,A,158.69,88.40,141.69,30.00,17.01,42.70,0.00,0.00,Turn,,,,,
649,TYR,A,214.28,100.00,176.92,27.00,37.36,97.20,0.00,0.00,Turn,,,,,
650,PHE,A,84.68,42.40,78.46,205.00,6.22,16.20,0.00,0.00,,,,,,
651,GLN,A,113.77,63.60,44.25,149.00,69.52,165.50,0.00,0.00,,,,,,
